show_id,genre,title,director,casts,country,date_added,release_year,rating,duration,listed_in
s1,Movie,Dick Johnson Is Dead,Kirsten Johnson,,United States,9-25-2021,2020,PG-13,90 min,Documentaries
s2,TV Show,Blood & Water,,"Ama Qamata, Khosi Ngema, Gail Mabalane, Thabang Molaba, Dillon Windvogel, Natasha Thahane, Arno Greeff, Xolile Tshabalala, Getmore Sithole, Cindy Mahlangu, Ryle De Morny, Greteli Fincham, Sello Maake Ka-Ncube, Odwa Gwanya, Mekaila Mathys, Sandi Schultz, Duane Williams, Shamilla Miller, Patrick Mofokeng",South Africa,9-24-2021,2021,TV-MA,2 Seasons,"International TV Shows, TV Dramas, TV Mysteries"
s3,TV Show,Ganglands,Julien Leclercq,"Sami Bouajila, Tracy Gotoas, Samuel Jouy, Nabiha Akkari, Sofia Lesaffre, Salim Kechiouche, Noureddine Farihi, Geert Van Rampelberg, Bakary Diombera",,9-24-2021,2021,TV-MA,1 Season,"Crime TV Shows, International TV Shows, TV Action & Adventure"
s4,TV Show,Jailbirds New Orleans,,,,9-24-2021,2021,TV-MA,1 Season,"Docuseries, Reality TV"
s5,TV Show,Kota Factory,,"Mayur More, Jitendra Kumar, Ranjan Raj, Alam Khan, Ahsaas Channa, Revathi Pillai, Urvi Singh, Arun Kumar",India,9-24-2021,2021,TV-MA,2 Seasons,"International TV Shows, Romantic TV Shows, TV Comedies"
s6,TV Show,Midnight Mass,Mike Flanagan,"Kate Siegel, Zach Gilford, Hamish Linklater, Henry Thomas, Kristin Lehman, Samantha Sloyan, Igby Rigney, Rahul Kohli, Annarah Cymone, Annabeth Gish, Alex Essoe, Rahul Abburi, Matt Biedel, Michael Trucco, Crystal Balint, Louis Oliver",,9-24-2021,2021,TV-MA,1 Season,"TV Dramas, TV Horror, TV Mysteries"
s7,Movie,My Little Pony: A New Generation,"Robert Cullen, José Luis Ucha","Vanessa Hudgens, Kimiko Glenn, James Marsden, Sofia Carson, Liza Koshy, Ken Jeong, Elizabeth Perkins, Jane Krakowski, Michael McKean, Phil LaMarr",,9-24-2021,2021,PG,91 min,Children & Family Movies
s8,Movie,Sankofa,Haile Gerima,"Kofi Ghanaba, Oyafunmike Ogunlano, Alexandra Duah, Nick Medley, Mutabaruka, Afemo Omilami, Reggie Carter, Mzuri","United States, Ghana, Burkina Faso, United Kingdom, Germany, Ethiopia",9-24-2021,1993,TV-MA,125 min,"Dramas, Independent Movies, International Movies"
s9,TV Show,The Great British Baking Show,Andy Devonshire,"Mel Giedroyc, Sue Perkins, Mary Berry, Paul Hollywood",United Kingdom,9-24-2021,2021,TV-14,9 Seasons,"British TV Shows, Reality TV"
s10,Movie,The Starling,Theodore Melfi,"Melissa McCarthy, Chris O'Dowd, Kevin Kline, Timothy Olyphant, Daveed Diggs, Skyler Gisondo, Laura Harrier, Rosalind Chao, Kimberly Quinn, Loretta Devine, Ravi Kapoor",United States,9-24-2021,2021,PG-13,104 min,"Comedies, Dramas"
s11,TV Show,"Vendetta: Truth, Lies and The Mafia",,,,9-24-2021,2021,TV-MA,1 Season,"Crime TV Shows, Docuseries, International TV Shows"
s12,TV Show,Bangkok Breaking,Kongkiat Komesiri,"Sukollawat Kanarot, Sushar Manaying, Pavarit Mongkolpisit, Sahajak Boonthanakit, Suthipongse Thatphithakkul, Bhasaworn Bawronkirati, Daweerit Chullasapya, Waratthaya Wongchayaporn, Kittiphoom Wongpentak, Abhicha Thanachanun, Nophand Boonyai, Kittipong Khamsat, Arisara Wongchalee, Jaytiya Naiwattanakul, Pantipa Arunwattanachai, Panupan Jantanawong, Kungtap Saelim, Phumphat Chartsuriyakiat, Issara Veranitinunt, Keerati Sivakuae, Panjai Sirisuwan, Supranee Charoenpol, Suda Chuenban, Visaka Banhansupavat, Pitchatorn Santinatornkul",,9-23-2021,2021,TV-MA,1 Season,"Crime TV Shows, International TV Shows, TV Action & Adventure"
s13,Movie,Je Suis Karl,Christian Schwochow,"Luna Wedler, Jannis Niewöhner, Milan Peschel, Edin Hasanovic, Anna Fialová, Marlon Boess, Victor Boccard, Fleur Geffrier, Aziz Dyab, Mélanie Fouché, Elizaveta Maximová","Germany, Czech Republic",9-23-2021,2021,TV-MA,127 min,"Dramas, International Movies"
s14,Movie,Confessions of an Invisible Girl,Bruno Garotti,"Klara Castanho, Lucca Picon, Júlia Gomes, Marcus Bessa, Kiria Malheiros, Fernanda Concon, Gabriel Lima, Caio Cabral, Leonardo Cidade, Jade Cardozo",,9-22-2021,2021,TV-PG,91 min,"Children & Family Movies, Comedies"
s15,TV Show,Crime Stories: India Detectives,,,,9-22-2021,2021,TV-MA,1 Season,"British TV Shows, Crime TV Shows, Docuseries"
s16,TV Show,Dear White People,,"Logan Browning, Brandon P. Bell, DeRon Horton, Antoinette Robertson, John Patrick Amedori, Ashley Blaine Featherson, Marque Richardson, Giancarlo Esposito",United States,9-22-2021,2021,TV-MA,4 Seasons,"TV Comedies, TV Dramas"
s17,Movie,Europe's Most Dangerous Man: Otto Skorzeny in Spain,Pedro de Echave García,,,9-22-2021,2020,TV-MA,67 min,"Documentaries, International Movies"
s18,TV Show,Falsa identidad,,"Luis Ernesto Franco, Camila Sodi, Sergio Goyri, Samadhi Zendejas, Eduardo Yáñez, Sonya Smith, Alejandro Camacho, Azela Robinson, Uriel del Toro, Géraldine Bazán, Gabriela Roel, Marcus Ornellas",Mexico,9-22-2021,2020,TV-MA,2 Seasons,"Crime TV Shows, Spanish-Language TV Shows, TV Dramas"
s19,Movie,Intrusion,Adam Salky,"Freida Pinto, Logan Marshall-Green, Robert John Burke, Megan Elisabeth Kelly, Sarah Minnich, Hayes Hargrove, Mark Sivertsen, Brandon Fierro, Antonio Valles, Clint Obenchain",,9-22-2021,2021,TV-14,94 min,Thrillers
s20,TV Show,Jaguar,,"Blanca Suárez, Iván Marcos, Óscar Casas, Adrián Lastra, Francesc Garrido, Stefan Weinert, Julia Möller, Alicia Chojnowski",,9-22-2021,2021,TV-MA,1 Season,"International TV Shows, Spanish-Language TV Shows, TV Action & Adventure"
s21,TV Show,Monsters Inside: The 24 Faces of Billy Milligan,Olivier Megaton,,,9-22-2021,2021,TV-14,1 Season,"Crime TV Shows, Docuseries, International TV Shows"
s22,TV Show,Resurrection: Ertugrul,,"Engin Altan Düzyatan, Serdar Gökhan, Hülya Darcan, Kaan Tasaner, Esra Bilgiç, Osman Soykut, Serdar Deniz, Cengiz Coskun, Reshad Strik, Hande Subasi",Turkey,9-22-2021,2018,TV-14,5 Seasons,"International TV Shows, TV Action & Adventure, TV Dramas"
s23,Movie,Avvai Shanmughi,K.S. Ravikumar,"Kamal Hassan, Meena, Gemini Ganesan, Heera Rajgopal, Nassar, S.P. Balasubrahmanyam",,9-21-2021,1996,TV-PG,161 min,"Comedies, International Movies"
s24,Movie,Go! Go! Cory Carson: Chrissy Takes the Wheel,"Alex Woo, Stanley Moore","Maisie Benson, Paul Killam, Kerry Gudjohnsen, AC Lim",,9-21-2021,2021,TV-Y,61 min,Children & Family Movies
s25,Movie,Jeans,S. Shankar,"Prashanth, Aishwarya Rai Bachchan, Sri Lakshmi, Nassar",India,9-21-2021,1998,TV-14,166 min,"Comedies, International Movies, Romantic Movies"
s26,TV Show,Love on the Spectrum,,Brooke Satchwell,Australia,9-21-2021,2021,TV-14,2 Seasons,"Docuseries, International TV Shows, Reality TV"
s27,Movie,Minsara Kanavu,Rajiv Menon,"Arvind Swamy, Kajol, Prabhu Deva, Nassar, S.P. Balasubrahmanyam, Girish Karnad",,9-21-2021,1997,TV-PG,147 min,"Comedies, International Movies, Music & Musicals"
s28,Movie,Grown Ups,Dennis Dugan,"Adam Sandler, Kevin James, Chris Rock, David Spade, Rob Schneider, Salma Hayek, Maria Bello, Maya Rudolph, Colin Quinn, Tim Meadows, Joyce Van Patten",United States,9-20-2021,2010,PG-13,103 min,Comedies
s29,Movie,Dark Skies,Scott Stewart,"Keri Russell, Josh Hamilton, J.K. Simmons, Dakota Goyo, Kadan Rockett, L.J. Benet, Rich Hutchman, Myndy Crist, Annie Thurman, Jake Brennan",United States,9-19-2021,2013,PG-13,97 min,"Horror Movies, Sci-Fi & Fantasy"
s30,Movie,Paranoia,Robert Luketic,"Liam Hemsworth, Gary Oldman, Amber Heard, Harrison Ford, Lucas Till, Embeth Davidtz, Julian McMahon, Josh Holloway, Richard Dreyfuss, Angela Sarafyan","United States, India, France",9-19-2021,2013,PG-13,106 min,Thrillers
s31,Movie,Ankahi Kahaniya,"Ashwiny Tiwari, Abhishek Chaubey, Saket Chaudhary","Abhishek Banerjee, Rinku Rajguru, Delzad Hiwale, Kunal Kapoor, Zoya Hussain, Nikhil Dwivedi, Palomi Ghosh",,9-17-2021,2021,TV-14,111 min,"Dramas, Independent Movies, International Movies"
s32,TV Show,Chicago Party Aunt,,"Lauren Ash, Rory O'Malley, RuPaul Charles, Jill Talley, Ike Barinholtz, Jon Barinholtz, Matthew Craig, Bob Odenkirk, Mike Hagerty, Katie Rich, Chris Witaske",,9-17-2021,2021,TV-MA,1 Season,TV Comedies
s33,TV Show,Sex Education,,"Asa Butterfield, Gillian Anderson, Ncuti Gatwa, Emma Mackey, Connor Swindells, Kedar Williams-Stirling, Alistair Petrie",United Kingdom,9-17-2021,2020,TV-MA,3 Seasons,"British TV Shows, International TV Shows, TV Comedies"
s34,TV Show,Squid Game,,"Lee Jung-jae, Park Hae-soo, Wi Ha-jun, Oh Young-soo, Jung Ho-yeon, Heo Sung-tae, Kim Joo-ryoung, Tripathi Anupam, You Seong-joo, Lee You-mi",,9-17-2021,2021,TV-MA,1 Season,"International TV Shows, TV Dramas, TV Thrillers"
s35,TV Show,Tayo and Little Wizards,,"Dami Lee, Jason Lee, Bommie Catherine Han, Jennifer Waescher, Nancy Kim",,9-17-2021,2020,TV-Y7,1 Season,Kids' TV
s36,Movie,The Father Who Moves Mountains,Daniel Sandu,"Adrian Titieni, Elena Purea, Judith State, Valeriu Andriu?a, Tudor Smoleanu, Virgil Aioanei, Radu Botar, Petronela Grigorescu, Bogdan Nechifor, Cristian Bota",,9-17-2021,2021,TV-MA,110 min,"Dramas, International Movies, Thrillers"
s37,Movie,The Stronghold,Cédric Jimenez,"Gilles Lellouche, Karim Leklou, François Civil, Adèle Exarchopoulos, Kenza Fortas, Cyril Lecomte, Michaël Abiteboul, Idir Azougli, Vincent Darmuzey, Jean-Yves Berteloot",,9-17-2021,2021,TV-MA,105 min,"Action & Adventure, Dramas, International Movies"
s38,TV Show,Angry Birds,,"Antti Pääkkönen, Heljä Heikkinen, Lynne Guaglione, Pasi Ruohonen, Rauno Ahonen",Finland,9-16-2021,2018,TV-Y7,1 Season,"Kids' TV, TV Comedies"
s39,Movie,Birth of the Dragon,George Nolfi,"Billy Magnussen, Ron Yuan, Qu Jingjing, Terry Chen, Vanness Wu, Jin Xing, Philip Ng, Xia Yu, Yu Xia","China, Canada, United States",9-16-2021,2017,PG-13,96 min,"Action & Adventure, Dramas"
s40,TV Show,Chhota Bheem,,"Vatsal Dubey, Julie Tejwani, Rupa Bhimani, Jigna Bhardwaj, Rajesh Kava, Mousam, Swapnil",India,9-16-2021,2021,TV-Y7,3 Seasons,Kids' TV
s41,TV Show,He-Man and the Masters of the Universe,,"Yuri Lowenthal, Kimberly Brooks, Antony Del Rio, Trevor Devall, Ben Diskin, Grey Griffin, David Kaye, Tom Kenny, Judy Alice Lee, Roger Craig Smith, Fred Tatasciore",United States,9-16-2021,2021,TV-Y7,1 Season,"Kids' TV, TV Sci-Fi & Fantasy"
s42,Movie,Jaws,Steven Spielberg,"Roy Scheider, Robert Shaw, Richard Dreyfuss, Lorraine Gary, Murray Hamilton, Carl Gottlieb, Jeffrey Kramer, Susan Backlinie, Jonathan Filley, Ted Grossman",United States,9-16-2021,1975,PG,124 min,"Action & Adventure, Classic Movies, Dramas"
s43,Movie,Jaws 2,Jeannot Szwarc,"Roy Scheider, Lorraine Gary, Murray Hamilton, Joseph Mascolo, Jeffrey Kramer, Collin Wilcox Paxton, Ann Dusenberry, Mark Gruner, Barry Coe, Susan French",United States,9-16-2021,1978,PG,116 min,"Dramas, Horror Movies, Thrillers"
s44,Movie,Jaws 3,Joe Alves,"Dennis Quaid, Bess Armstrong, Simon MacCorkindale, Louis Gossett Jr., John Putch, Lea Thompson, P.H. Moriarty, Dan Blasko, Liz Morris, Lisa Maurer",United States,9-16-2021,1983,PG,98 min,"Action & Adventure, Horror Movies, Thrillers"
s45,Movie,Jaws: The Revenge,Joseph Sargent,"Lorraine Gary, Lance Guest, Mario Van Peebles, Karen Young, Michael Caine, Judith Barsi, Mitchell Anderson, Lynn Whitfield",United States,9-16-2021,1987,PG-13,91 min,"Action & Adventure, Horror Movies, Thrillers"
s46,Movie,My Heroes Were Cowboys,Tyler Greco,,,9-16-2021,2021,PG,23 min,Documentaries
s47,Movie,Safe House,Daniel Espinosa,"Denzel Washington, Ryan Reynolds, Vera Farmiga, Brendan Gleeson, Sam Shepard, Rubén Blades, Nora Arnezeder, Robert Patrick, Liam Cunningham, Joel Kinnaman","South Africa, United States, Japan",9-16-2021,2012,R,115 min,Action & Adventure
s48,TV Show,The Smart Money Woman,Bunmi Ajakaiye,"Osas Ighodaro, Ini Dima-Okojie, Kemi Lala Akindoju, Toni Tones, Ebenezer Eno, Eso Okolocha DIke, Patrick Diabuah, Karibi Fubara, Temisan Emmanuel, Timini Egbuson",,9-16-2021,2020,TV-MA,1 Season,"International TV Shows, Romantic TV Shows, TV Comedies"
s49,Movie,Training Day,Antoine Fuqua,"Denzel Washington, Ethan Hawke, Scott Glenn, Tom Berenger, Harris Yulin, Raymond J. Barry, Cliff Curtis, Dr. Dre, Snoop Dogg, Macy Gray, Eva Mendes",United States,9-16-2021,2001,R,122 min,"Dramas, Thrillers"
s50,TV Show,Castle and Castle,,"Richard Mofe-Damijo, Dakore Akande, Bimbo Manuel, Blossom Chukwujekwu, Deyemi Okanlawon, Etim Effiong, Denola Grey, Duke Akintola, Eku Edewor, Ade Laoye, Anee Icha, Kevin Ushi, Jude Chukwuka, Amanda Afolabi",Nigeria,9-15-2021,2021,TV-MA,2 Seasons,"International TV Shows, TV Dramas"
s51,TV Show,Dharmakshetra,,"Kashmira Irani, Chandan Anand, Dinesh Mehta, Ankit Arora, Pushkar Goggiaa, Anjali Rana, Aarya DharmChand Kumar, Amit Behl, Maleeka Ghai",India,9-15-2021,2014,TV-PG,1 Season,"International TV Shows, TV Dramas, TV Sci-Fi & Fantasy"
s52,Movie,InuYasha the Movie 2: The Castle Beyond the Looking Glass,Toshiya Shinohara,"Kappei Yamaguchi, Satsuki Yukino, Mieko Harada, Koji Tsujitani, Houko Kuwashima, Kumiko Watanabe, Noriko Hidaka, Kenichi Ogata, Toshiyuki Morikawa, Izumi Ogami",Japan,9-15-2021,2002,TV-14,99 min,"Action & Adventure, Anime Features, International Movies"
s53,Movie,InuYasha the Movie 3: Swords of an Honorable Ruler,Toshiya Shinohara,"Kappei Yamaguchi, Satsuki Yukino, Koji Tsujitani, Houko Kuwashima, Kumiko Watanabe, Ken Narita, Akio Otsuka, Kikuko Inoue",Japan,9-15-2021,2003,TV-14,99 min,"Action & Adventure, Anime Features, International Movies"
s54,Movie,InuYasha the Movie 4: Fire on the Mystic Island,Toshiya Shinohara,"Kappei Yamaguchi, Satsuki Yukino, Koji Tsujitani, Houko Kuwashima, Kumiko Watanabe, Noriko Hidaka, Ken Narita, Cho, Mamiko Noto, Nobutoshi Canna",Japan,9-15-2021,2004,TV-PG,88 min,"Action & Adventure, Anime Features, International Movies"
s55,Movie,InuYasha the Movie: Affections Touching Across Time,Toshiya Shinohara,"Kappei Yamaguchi, Satsuki Yukino, Koji Tsujitani, Houko Kuwashima, Kumiko Watanabe, Kenichi Ogata, Noriko Hidaka, Hisako Kyoda, Ken Narita, Tomokazu Seki",Japan,9-15-2021,2001,TV-PG,100 min,"Action & Adventure, Anime Features, International Movies"
s56,TV Show,Nailed It,,"Nicole Byer, Jacques Torres",United States,9-15-2021,2021,TV-PG,6 Seasons,Reality TV
s57,Movie,Naruto Shippuden the Movie: Blood Prison,Masahiko Murata,"Junko Takeuchi, Chie Nakamura, Rikiya Koyama, Kazuhiko Inoue, Masaki Terasoma, Mie Sonozaki, Yuichi Nakamura, Kengo Kawanishi, Kosei Hirota, Masako Katsuki",Japan,9-15-2021,2011,TV-14,102 min,"Action & Adventure, Anime Features, International Movies"
s58,Movie,Naruto Shippûden the Movie: Bonds,Hajime Kamegaki,"Junko Takeuchi, Chie Nakamura, Noriaki Sugiyama, Unsho Ishizuka, Motoko Kumai, Kazuhiko Inoue, Rikiya Koyama, Showtaro Morikubo, Nana Mizuki, Satoshi Hino, Shinji Kawada",Japan,9-15-2021,2008,TV-PG,93 min,"Action & Adventure, Anime Features, International Movies"
s59,Movie,Naruto Shippûden the Movie: The Will of Fire,Masahiko Murata,"Junko Takeuchi, Chie Nakamura, Kazuhiko Inoue, Satoshi Hino, Showtaro Morikubo, Kentaro Ito, Ryoka Yuzuki, Kohsuke Toriumi, Nana Mizuki, Shinji Kawada, Yoichi Masukawa, Koichi Tochika, Yukari Tamura",Japan,9-15-2021,2009,TV-PG,96 min,"Action & Adventure, Anime Features, International Movies"
s60,Movie,Naruto Shippuden: The Movie,Hajime Kamegaki,"Junko Takeuchi, Chie Nakamura, Yoichi Masukawa, Koichi Tochika, Ayumi Fujimura, Keisuke Oda, Daisuke Kishio, Fumiko Orikasa, Hidetoshi Nakamura, Tetsuya Kakihara, Kisho Taniyama, Miyuki Sawashiro, Katsuyuki Konishi, Masako Katsuki, Keiko Nemoto, Masashi Ebara, Kazuhiko Inoue, Showtaro Morikubo, Romi Park, Daisuke Ono, Seizo Kato",Japan,9-15-2021,2007,TV-PG,95 min,"Action & Adventure, Anime Features, International Movies"
s61,Movie,Naruto Shippuden: The Movie: The Lost Tower,Masahiko Murata,"Junko Takeuchi, Chie Nakamura, Satoshi Hino, Rikiya Koyama, Nobuaki Fukuda, Kenji Hamada, Keiko Nemoto, Saori Hayami, Yumi Toma, Yuko Kobayashi, Fujiko Takimoto, Mutsumi Tamura, Mayuki Makiguchi, Toshiyuki Morikawa",Japan,9-15-2021,2010,TV-14,85 min,"Action & Adventure, Anime Features, International Movies"
s62,Movie,Naruto the Movie 2: Legend of the Stone of Gelel,Hirotsugu Kawasaki,"Junko Takeuchi, Gamon Kaai, Chie Nakamura, Showtaro Morikubo, Akira Ishida, Yasuyuki Kase, Urara Takano, Sachiko Kojima, Houko Kuwashima, Takako Honda",Japan,9-15-2021,2005,TV-PG,97 min,"Action & Adventure, Anime Features, International Movies"
s63,Movie,Naruto the Movie 3: Guardians of the Crescent Moon Kingdom,Toshiyuki Tsuru,"Junko Takeuchi, Chie Nakamura, Yoichi Masukawa, Kazuhiko Inoue, Akio Otsuka, Kyousuke Ikeda, Marika Hayashi, Umeji Sasaki, Masashi Sugawara, Hisao Egawa",Japan,9-15-2021,2006,TV-PG,95 min,"Action & Adventure, Anime Features, International Movies"
s64,Movie,Naruto the Movie: Ninja Clash in the Land of Snow,Tensai Okamura,"Junko Takeuchi, Noriaki Sugiyama, Chie Nakamura, Kazuhiko Inoue, Yuhko Kaida, Tsutomu Isobe, Hirotaka Suzuoki, Jun Karasawa, Harii Kaneko, Ikuo Nishikawa",Japan,9-15-2021,2004,TV-PG,83 min,"Action & Adventure, Anime Features, International Movies"
s65,Movie,Nightbooks,David Yarovesky,"Winslow Fegley, Lidya Jewett, Krysten Ritter",,9-15-2021,2021,TV-PG,103 min,Children & Family Movies
s66,TV Show,Numberblocks,,"Beth Chalmers, David Holt, Marcel McCalla, Teresa Gallagher",United Kingdom,9-15-2021,2021,TV-Y,6 Seasons,Kids' TV
s67,TV Show,Raja Rasoi Aur Anya Kahaniyan,,,India,9-15-2021,2014,TV-G,1 Season,"Docuseries, International TV Shows"
s68,TV Show,Saved by the Bell,,"Mark-Paul Gosselaar, Tiffani Thiessen, Mario Lopez, Lark Voorhies, Elizabeth Berkley, Dustin Diamond, Dennis Haskins",United States,9-15-2021,1994,TV-PG,9 Seasons,"Kids' TV, TV Comedies"
s69,Movie,Schumacher,"Hanns-Bruno Kammertöns, Michael Wech",Michael Schumacher,,9-15-2021,2021,TV-14,113 min,"Documentaries, International Movies, Sports Movies"
s70,TV Show,Stories by Rabindranath Tagore,,,India,9-15-2021,2015,TV-PG,1 Season,"International TV Shows, TV Dramas"
s71,TV Show,Too Hot To Handle: Latino,,Itatí Cantoral,,9-15-2021,2021,TV-MA,1 Season,"International TV Shows, Reality TV, Romantic TV Shows"
s72,Movie,A StoryBots Space Adventure,David A. Vargas,"Evan Spiridellis, Erin Fitzgerald, Jeff Gill, Fred Tatasciore, Evan Michael Lee, Jared Isaacman, Sian Proctor, Chris Sembroski, Hayley Arceneaux",,9-14-2021,2021,TV-Y,13 min,Children & Family Movies
s73,TV Show,Jack Whitehall: Travels with My Father,,"Jack Whitehall, Michael Whitehall",United Kingdom,9-14-2021,2021,TV-MA,5 Seasons,"British TV Shows, Docuseries, International TV Shows"
s74,Movie,King of Boys,Kemi Adetiba,"Sola Sobowale, Adesua Etomi, Remilekun ""Reminisce"" Safaru, Tobechukwu ""iLLbliss"" Ejiofor, Toni Tones, Paul Sambo, Jide Kosoko, Sharon Ooja",Nigeria,9-14-2021,2018,TV-MA,182 min,"Dramas, International Movies"
s75,TV Show,The World's Most Amazing Vacation Rentals,,,,9-14-2021,2021,TV-PG,2 Seasons,Reality TV
s76,Movie,You vs. Wild: Out Cold,Ben Simms,"Bear Grylls, Jason Derek Prempeh",,9-14-2021,2021,TV-G,106 min,Children & Family Movies
s77,TV Show,Yowamushi Pedal,,"Daiki Yamashita, Kohsuke Toriumi, Jun Fukushima, Hiroki Yasumoto, Showtaro Morikubo, Kentaro Ito, Daisuke Kishio, Yoshitsugu Matsuoka, Junichi Suwabe, Ayaka Suwa, Megumi Han, Tomoaki Maeno, Tsubasa Yonaga, Tetsuya Kakihara, Satoshi Hino, Hiroyuki Yoshino, Atsushi Abe, Koji Yusa, Kouki Miyata, Hiro Shimono, Wataru Hatano, Yuichi Nakamura, Kenji Nojima, Mamoru Miyano, Daisuke Ono, Yuma Uchida, Jun Fukuyama",Japan,9-14-2021,2013,TV-14,1 Season,"Anime Series, International TV Shows"
s78,Movie,Little Singham - Black Shadow,Prakash Satam,"Sumriddhi Shukla, Jigna Bharadwaj, Sonal Kaushal, Neshma Chemburkar, Ganesh Divekar, Annamaya Verma, Anamay Verma, Manoj Pandey",,09-11-2021,2021,TV-Y7,48 min,"Children & Family Movies, Comedies"
s79,Movie,Tughlaq Durbar,Delhiprasad Deenadayalan,"Vijay Sethupathi, Parthiban, Raashi Khanna",,09-11-2021,2020,TV-14,145 min,"Comedies, Dramas, International Movies"
s80,Movie,Tughlaq Durbar (Telugu),Delhiprasad Deenadayalan,"Vijay Sethupathi, Parthiban, Raashi Khanna",,09-11-2021,2021,TV-14,145 min,"Comedies, Dramas, International Movies"
s81,Movie,Firedrake the Silver Dragon,Tomer Eshed,"Thomas Brodie-Sangster, Felicity Jones, Freddie Highmore, Patrick Stewart, Meera Syal, Sanjeev Bhaskar, Nonso Anozie",,09-10-2021,2021,TV-Y7,93 min,Children & Family Movies
s82,Movie,Kate,Cedric Nicolas-Troyan,"Mary Elizabeth Winstead, Jun Kunimura, Woody Harrelson, Tadanobu Asano, Miyavi, Michiel Huisman, Miku Martineau",United States,09-10-2021,2021,R,106 min,Action & Adventure
s83,TV Show,Lucifer,,"Tom Ellis, Lauren German, Kevin Alejandro, D.B. Woodside, Lesley-Ann Brandt, Scarlett Estevez, Rachael Harris, Aimee Garcia, Tricia Helfer, Tom Welling, Jeremiah W. Birkett, Pej Vahdat, Michael Gladis",United States,09-10-2021,2021,TV-14,6 Seasons,"Crime TV Shows, TV Comedies, TV Dramas"
s84,TV Show,Metal Shop Masters,,Jo Koy,,09-10-2021,2021,TV-MA,1 Season,Reality TV
s85,Movie,Omo Ghetto: the Saga,"JJC Skillz, Funke Akindele","Funke Akindele, Ayo Makun, Chioma Chukwuka Akpotha, Yemi Eberechi Alade, Blossom Chukwujekwu, Deyemi Okanlawon, Alexx Ekubo, Zubby Michael, Tina Mba, Femi Jacobs",Nigeria,09-10-2021,2020,TV-MA,147 min,"Action & Adventure, Comedies, Dramas"
s86,TV Show,Pokémon Master Journeys: The Series,,"Ikue Otani, Sarah Natochenny, Zeno Robinson, Cherami Leigh, James Carter Cathcart, Michele Knotz, Rodger Parsons, Ray Chase, Casey Mongillo, Tara Sands",,09-10-2021,2021,TV-Y7,1 Season,"Anime Series, Kids' TV"
s87,Movie,Prey,Thomas Sieben,"David Kross, Hanno Koffler, Maria Ehrich, Robert Finster, Yung Ngo, Klaus Steinbacher, Livia Matthes, Nellie Thalbach",,09-10-2021,2021,TV-MA,87 min,"International Movies, Thrillers"
s88,TV Show,Titipo Titipo,,"Jeon Hae-ri, Kim Eun-ah, Hong Bum-ki, Nam Do-hyeong, Um Sang-hyun",,09-10-2021,2019,TV-Y,2 Seasons,"Kids' TV, Korean TV Shows"
s89,Movie,Blood Brothers: Malcolm X & Muhammad Ali,Marcus Clarke,"Malcolm X, Muhammad Ali",,09-09-2021,2021,PG-13,96 min,"Documentaries, Sports Movies"
s90,TV Show,Mighty Raju,,"Julie Tejwani, Sabina Malik, Jigna Bhardwaj, Rupa Bhimani, Lalit Agarwal, Rajesh Shukla, Rajesh Kava",,09-09-2021,2017,TV-Y7,4 Seasons,Kids' TV
s91,Movie,Paradise Hills,Alice Waddington,"Emma Roberts, Danielle Macdonald, Awkwafina, Eiza González, Milla Jovovich, Jeremy Irvine, Arnaud Valois, Daniel Horvath","Spain, United States",09-09-2021,2019,TV-MA,95 min,"Sci-Fi & Fantasy, Thrillers"
s92,Movie,The Women and the Murderer,"Mona Achache, Patricia Tourancheau",,France,09-09-2021,2021,TV-14,92 min,"Documentaries, International Movies"
s93,TV Show,Into the Night,,"Pauline Etienne, Laurent Capelluto, Stefano Cassetti, Mehmet Kurtulus, Babetida Sadjo, Jan Bijvoet, Ksawery Szlenkier, Vincent Londez, Regina Bikkinina, Alba Gaïa Kraghede Bellugi, Nabil Mallat",Belgium,09-08-2021,2021,TV-MA,2 Seasons,"International TV Shows, TV Dramas, TV Mysteries"
s94,Movie,JJ+E,Alexis Almström,"Elsa Öhrn, Mustapha Aarab, Jonay Pineda Skallak, Magnus Krepper, Loreen, Albin Grenholm, Simon Mezher, Elsa Bergström Terent, Josef Kadim, Yohannes Frezgi",,09-08-2021,2021,TV-MA,91 min,"Dramas, International Movies, Romantic Movies"
s95,Movie,Show Dogs,Raja Gosnell,"Will Arnett, Ludacris, Natasha Lyonne, Stanley Tucci, Jordin Sparks, Gabriel Iglesias, Shaquille O'Neal, Omar Chaparro, Alan Cumming, Andy Beckwith, Delia Sheppard, Kerry Shale","United Kingdom, United States",09-08-2021,2018,PG,90 min,"Children & Family Movies, Comedies"
s96,TV Show,The Circle,,Michelle Buteau,"United States, United Kingdom",09-08-2021,2021,TV-MA,3 Seasons,Reality TV
s97,Movie,If I Leave Here Tomorrow: A Film About Lynyrd Skynyrd,Stephen Kijak,"Ronnie Van Zandt, Gary Rossington, Allen Collins, Leon Wilkeson, Bob Burns, Billy Powell, Ed King, Artimus Pyle, Steve Gaines, Johnny Van Zant",United States,09-07-2021,2018,TV-MA,97 min,"Documentaries, Music & Musicals"
s98,TV Show,Kid Cosmic,,"Jack Fisher, Tom Kenny, Amanda C. Miller, Kim Yarbrough, Keith Ferguson, Grey Griffin, Lily Rose Silver",United States,09-07-2021,2021,TV-Y7,2 Seasons,"Kids' TV, TV Comedies, TV Sci-Fi & Fantasy"
s99,TV Show,Octonauts: Above & Beyond,,"Antonio Aakeel, Chipo Chung, Simon Foster, Teresa Gallagher, Simon Greenall, Kate Harbour, Paul Panting, Rob Rackstraw, William Vanderpuye, Helen Walsh, Keith Wickham, Andres Williams, Jo Wyatt",United Kingdom,09-07-2021,2021,TV-Y,1 Season,"British TV Shows, Kids' TV"
s100,TV Show,On the Verge,,"Julie Delpy, Elisabeth Shue, Sarah Jones, Alexia Landeau, Mathieu Demy, Troy Garity, Timm Sharp, Giovanni Ribisi","France, United States",09-07-2021,2021,TV-MA,1 Season,"TV Comedies, TV Dramas"
s101,TV Show,Tobot Galaxy Detectives,,"Austin Abell, Travis Turner, Cole Howard, Anna Cummer, Jesse Inocalla, Brian Dobson, Michael Adamthwaite, Joseph Girgis, Caitlyn Bairstow",,09-07-2021,2019,TV-Y7,2 Seasons,Kids' TV
s102,Movie,Untold: Breaking Point,"Chapman Way, Maclain Way",,United States,09-07-2021,2021,TV-MA,80 min,"Documentaries, Sports Movies"
s103,TV Show,Countdown: Inspiration4 Mission to Space,Jason Hehir,,,09-06-2021,2021,TV-14,1 Season,"Docuseries, Science & Nature TV"
s104,Movie,Shadow Parties,Yemi Amodu,"Jide Kosoko, Omotola Jalade-Ekeinde, Yemi Blaq, Sola Sobowale, Ken Erics, Toyin Aimakhu, Segun Arinze, Jibola Dabo, Rotimi Salami, Pa Jimi Solanke, Rachael Okonkwo, Bassey Okon, Lucien Morgan, Magdalena Korpas",,09-06-2021,2020,TV-MA,117 min,"Dramas, International Movies, Thrillers"
s105,TV Show,Tayo the Little Bus,,"Robyn Slade, Kami Desilets",South Korea,09-06-2021,2016,TV-Y,2 Seasons,"Kids' TV, Korean TV Shows"
s106,Movie,Angamaly Diaries,Lijo Jose Pellissery,"Antony Varghese, Reshma Rajan, Binny Rinky Benjamin, Vineeth Vishwam, Kichu Tellus, Sreekanth Dasan, Sarath Kumar, Tito Wilson, Anandhu, Bitto Davis, Sinoj Varghese",India,09-05-2021,2017,TV-14,128 min,"Action & Adventure, Comedies, Dramas"
s107,TV Show,Bunk'd,,"Peyton List, Karan Brar, Skai Jackson, Miranda May, Kevin G. Quinn, Nathan Arenas, Nina Lu",United States,09-05-2021,2021,TV-G,5 Seasons,"Kids' TV, TV Comedies"
s108,Movie,A Champion Heart,David de Vos,"Mandy Grace, David de Vos, Donna Rusch, Devan Key, Isabella Mancuso, Ariana Guido",United States,09-04-2021,2018,G,90 min,"Children & Family Movies, Dramas"
s109,TV Show,Dive Club,,"Aubri Ibrag, Sana'a Shaik, Miah Madden, Mercy Cornwall, Georgia-May Davis, Ryan Harrison, Josh Heuston, Alexander Grant",Australia,09-03-2021,2021,TV-G,1 Season,"Kids' TV, TV Dramas, Teen TV Shows"
s110,TV Show,La casa de papel,,"Úrsula Corberó, Itziar Ituño, Álvaro Morte, Paco Tous, Enrique Arce, Pedro Alonso, María Pedraza, Alba Flores, Miguel Herrán, Jaime Lorente, Esther Acebo, Darko Peric, Kiti Mánver",Spain,09-03-2021,2021,TV-MA,5 Seasons,"Crime TV Shows, International TV Shows, Spanish-Language TV Shows"
s111,TV Show,Money Heist: From Tokyo to Berlin,"Luis Alfaro, Javier Gómez Santander",,,09-03-2021,2021,TV-MA,1 Season,"Docuseries, International TV Shows, Spanish-Language TV Shows"
s112,TV Show,Sharkdog,,"Liam Mitchell, Dee Bradley Baker, Grey Griffin, Josh McDermitt, Kari Wahlgren, Judy Alice Lee, Ali Mawji","United States, Singapore",09-03-2021,2021,TV-Y,1 Season,Kids' TV
s113,Movie,Worth,Sara Colangelo,"Michael Keaton, Stanley Tucci, Amy Ryan, Shunori Ramanathan, Ato Blankson-Wood, Tate Donovan, Laura Benanti, Chris Tardio",,09-03-2021,2021,PG-13,119 min,Dramas
s114,Movie,Afterlife of the Party,Stephen Herek,"Victoria Justice, Midori Francis, Robyn Scott, Adam Garcia, Timothy Renouf, Gloria Garcia, Myfanwy Waring, Spencer Sutherland",,09-02-2021,2021,TV-PG,110 min,"Comedies, Romantic Movies"
s115,Movie,Anjaam,Rahul Rawail,"Madhuri Dixit, Shah Rukh Khan, Tinnu Anand, Johny Lever, Kalpana Iyer, Himani Shivpuri, Sudha Chandran, Beena, Kiran Kumar",India,09-02-2021,1994,TV-14,143 min,"Dramas, International Movies, Thrillers"
s116,Movie,Bright Star,Jane Campion,"Abbie Cornish, Ben Whishaw, Paul Schneider, Kerry Fox, Edie Martin, Thomas Brodie-Sangster, Claudie Blakley, Gerard Monaco, Antonia Campbell-Hughes, Samuel Roukin","United Kingdom, Australia, France",09-02-2021,2009,PG,119 min,"Dramas, Romantic Movies"
s117,Movie,Dhanak,Nagesh Kukunoor,"Krrish Chhabria, Hetal Gada, Vipin Sharma, Gulfam Khan, Suresh Menon, Vijay Maurya, Rajiv Lakshman, Ninad Kamat",India,09-02-2021,2015,TV-PG,114 min,"Comedies, Dramas, Independent Movies"
s118,Movie,Final Account,Luke Holland,,"United Kingdom, United States",09-02-2021,2021,PG-13,94 min,Documentaries
s119,Movie,Gurgaon,Shanker Raman,"Akshay Oberoi, Pankaj Tripathi, Ragini Khanna, Aamir Bashir, Shalini Vatsa, Ashish Verma",India,09-02-2021,2017,TV-14,106 min,"Dramas, International Movies, Thrillers"
s120,Movie,Here and There,JP Habac,"Janine Gutierrez, JC Santos, Victor Anastacio, Yesh Burce, Lotlot De Leon",,09-02-2021,2020,TV-MA,99 min,"Dramas, International Movies, Romantic Movies"
s121,TV Show,Heroes of Goo Jit Zu,,"Jon Allen, Kellen Goff, Joe Hernandez, Kaiji Tang",Australia,09-02-2021,2021,TV-Y7,1 Season,"Kids' TV, TV Comedies"
s122,TV Show,Hotel Del Luna,,"Lee Ji-eun, Yeo Jin-goo, Shin Jung-geun, Seo Yi-sook, Bae Hae-sun, Pyo Ji-hoon, Cho Hyun-chul, Kang Hong-suk, Lee Do-hyun, Lee Tae-seon, Kang Mina, Park You-na, Oh Ji-ho",,09-02-2021,2019,TV-14,1 Season,"International TV Shows, Romantic TV Shows, TV Comedies"
s123,Movie,In the Cut,Jane Campion,"Meg Ryan, Mark Ruffalo, Jennifer Jason Leigh, Nick Damici, Sharrieff Pugh, Kevin Bacon, Yaani King Mondschein, Heather Litteer","United Kingdom, Australia, France, United States",09-02-2021,2003,R,118 min,Thrillers
s124,TV Show,Luv Kushh,,,,09-02-2021,2012,TV-Y7,1 Season,Kids' TV
s125,TV Show,Pororo - The Little Penguin,,,South Korea,09-02-2021,2013,TV-Y7,3 Seasons,"Kids' TV, Korean TV Shows"
s126,TV Show,Q-Force,,"Sean Hayes, Wanda Sykes, Laurie Metcalf, David Harbour, Gary Cole, Patti Harrison, Matt Rogers",United States,09-02-2021,2021,TV-MA,1 Season,"Crime TV Shows, TV Action & Adventure, TV Comedies"
s127,Movie,Shikara,Vidhu Vinod Chopra,"Aadil Khan, Sadia Khateeb, Zain Khan Durrani, Priyanshu Chatterjee, Bhavna Chauhan, Ashwin Dhar, Farid Azad Khan, Saghar Sehrai",India,09-02-2021,2020,TV-14,115 min,"Dramas, International Movies, Romantic Movies"
s128,Movie,A Cinderella Story,Mark Rosman,"Hilary Duff, Chad Michael Murray, Jennifer Coolidge, Dan Byrd, Regina King, Julie Gonzalo, Lin Shaye, Madeline Zima, Andrea Avery, Mary Pat Gleason, Paul Rodriguez, Whip Hubley, Kevin Kilner, Erica Hubbard, Simon Helberg","United States, Canada",09-01-2021,2004,PG,95 min,"Children & Family Movies, Comedies"
s129,Movie,Agatha Christie's Crooked House,Gilles Paquet-Brenner,"Glenn Close, Terence Stamp, Max Irons, Gillian Anderson, Christina Hendricks, Stefanie Martini, Julian Sands, Honor Kneafsey, Christian McKay, Amanda Abbington",,09-01-2021,2017,PG-13,115 min,"Dramas, International Movies, Thrillers"
s130,Movie,An Unfinished Life,Lasse Hallström,"Robert Redford, Jennifer Lopez, Morgan Freeman, Josh Lucas, Damian Lewis, Camryn Manheim, Becca Gardner, Lynda Boyd, Rob Hayter, P. Lynn Johnson","Germany, United States",09-01-2021,2005,PG-13,108 min,Dramas
s131,Movie,Barbie Big City Big Dreams,Scott Pleydell-Pearce,"America Young, Amber May, Giselle Fernandez, Alejandro Saab, Dinora Walcott",,09-01-2021,2021,TV-Y,63 min,"Children & Family Movies, Music & Musicals"
s132,Movie,Blade Runner: The Final Cut,Ridley Scott,"Harrison Ford, Rutger Hauer, Sean Young, Edward James Olmos, M. Emmet Walsh, Daryl Hannah, William Sanderson, Brion James, Joe Turkel, Joanna Cassidy, James Hong, Morgan Paull",United States,09-01-2021,1982,R,117 min,"Action & Adventure, Classic Movies, Cult Movies"
s133,TV Show,Brave Animated Series,,"Tseng Yun-fan, Kao Yun-shuo, Chiang Ching-yen, Meng Ching-fu, Huang Bai-wei, Ma Kuo-yao, Chen Yen-chun, Sun Ke-fang, Kai Yang-niu, Chen Yu-wen, Nick Liao, Lin Kai-ling, Mickey Huang, Liu Kuan-ting, Jiang Du-hui",,09-01-2021,2021,TV-MA,1 Season,"International TV Shows, TV Action & Adventure, TV Comedies"
s134,Movie,Chappie,Neill Blomkamp,"Sharlto Copley, Hugh Jackman, Sigourney Weaver, Dev Patel, Ninja, Yo-Landi Visser, Jose Pablo Cantillo, Brandon Auret, Johnny Selema, Maurice Carpede","South Africa, United States",09-01-2021,2015,R,121 min,"Action & Adventure, Sci-Fi & Fantasy"
s135,Movie,Clear and Present Danger,Phillip Noyce,"Harrison Ford, Willem Dafoe, Anne Archer, Joaquim de Almeida, Henry Czerny, Harris Yulin, Donald Moffat, Miguel Sandoval, Benjamin Bratt, Dean Jones, Thora Birch, James Earl Jones, Raymond Cruz","United States, Mexico",09-01-2021,1994,PG-13,142 min,"Action & Adventure, Dramas"
s136,Movie,Cliffhanger,Renny Harlin,"Sylvester Stallone, John Lithgow, Michael Rooker, Janine Turner, Rex Linn, Caroline Goodall, Leon, Craig Fairbrass, Ralph Waite, Max Perlich, Paul Winfield","United States, Italy, France, Japan",09-01-2021,1993,R,113 min,Action & Adventure
s137,Movie,Cold Mountain,Anthony Minghella,"Jude Law, Nicole Kidman, Renée Zellweger, Eileen Atkins, Brendan Gleeson, Philip Seymour Hoffman, Natalie Portman, Giovanni Ribisi, Donald Sutherland, Ray Winstone","United States, Italy, Romania, United Kingdom",09-01-2021,2003,R,154 min,"Dramas, Romantic Movies"
s138,Movie,Crocodile Dundee in Los Angeles,Simon Wincer,"Paul Hogan, Linda Kozlowski, Jere Burns, Jonathan Banks, Aida Turturro, Alec Wilson, Gerry Skilton, Steve Rackman, Serge Cockburn, Paul Rodriguez, Mark Adair-Rios, Tiriel Mora, Grant Piro, Mike Tyson","Australia, United States",09-01-2021,2001,PG,95 min,"Action & Adventure, Comedies"
s139,Movie,Dear John,Lasse Hallström,"Channing Tatum, Amanda Seyfried, Richard Jenkins, Henry Thomas, D.J. Cotrona, Cullen Moss, Gavin McCulley, Jose Lucena Jr., Keith Robinson, Scott Porter",United States,09-01-2021,2010,PG-13,108 min,"Dramas, Romantic Movies"
s140,Movie,Do the Right Thing,Spike Lee,"Danny Aiello, Ossie Davis, Ruby Dee, Richard Edson, Giancarlo Esposito, Spike Lee, Bill Nunn, John Turturro, Paul Benjamin, Frankie Faison, Samuel L. Jackson, Rosie Perez, Martin Lawrence, Miguel Sandoval",United States,09-01-2021,1989,R,120 min,"Classic Movies, Comedies, Dramas"
s141,Movie,"El patrón, radiografía de un crimen",Sebastián Schindel,"Joaquín Furriel, Luis Ziembrowski, Guillermo Pfening, Mónica Lairana, Germán de Silva, Victoria Raposo, Andrea Garrote","Argentina, Venezuela",09-01-2021,2014,TV-MA,100 min,"Dramas, International Movies, Thrillers"
s142,Movie,Extraction,Steven C. Miller,"Bruce Willis, Kellan Lutz, Gina Carano, D.B. Sweeney, Joshua Mikel, Steve Coulter, Dan Bilzerian, Heather Johansen","United States, United Kingdom, Canada",09-01-2021,2015,R,82 min,Action & Adventure
s143,Movie,Freedom Writers,Richard LaGravenese,"Hilary Swank, Patrick Dempsey, Scott Glenn, Imelda Staunton, April L. Hernandez, Mario, Kristin Herrera, Jaclyn Ngan, Sergio Montalvo, Jason Finn, Deance Wyatt, Vanetta Smith","Germany, United States",09-01-2021,2007,PG-13,124 min,Dramas
s144,Movie,Green Lantern,Martin Campbell,"Ryan Reynolds, Blake Lively, Peter Sarsgaard, Mark Strong, Tim Robbins, Jay O. Sanders, Taika Waititi, Angela Bassett",United States,09-01-2021,2011,PG-13,114 min,"Action & Adventure, Sci-Fi & Fantasy"
s145,Movie,House Party,Reginald Hudlin,"Christopher Reid, Christopher Martin, Robin Harris, Tisha Campbell, A.J. Johnson, Martin Lawrence, Paul Anthony, Bowlegged Lou, B-Fine, Edith Fields, Kelly Jo Minter, Clifton Powell, Verda Bridges",United States,09-01-2021,1990,R,104 min,"Comedies, Cult Movies"
s146,Movie,House Party 2,"George Jackson, Doug McHenry","Christopher Reid, Christopher Martin, Martin Lawrence, Bowlegged Lou, Paul Anthony, B-Fine, Tisha Campbell, Kamron, Iman, Queen Latifah",United States,09-01-2021,1991,R,94 min,"Comedies, Cult Movies, Music & Musicals"
s147,Movie,House Party 3,Eric Meza,"Christopher Reid, Christopher Martin, Tisha Campbell, David Edwards, Angela Means, Ketty Lester, Bernie Mac, Michael Colyar, Chris Tucker, Khandi Alexander",United States,09-01-2021,1994,R,94 min,"Comedies, Music & Musicals"
s148,TV Show,How to Be a Cowboy,,,,09-01-2021,2021,TV-PG,1 Season,Reality TV
s149,TV Show,HQ Barbers,Gerhard Mostert,"Hakeem Kae-Kazim, Chioma Omeruah, Orukotan Adejola, Flora Chiedo, Emeka Nwagbaraocha, Anthony Oseyemi, Oluwabukola Thomas, Soibifaa Dokubo",,09-01-2021,2020,TV-14,1 Season,TV Shows
s150,Movie,I Got the Hook Up,Michael Martin,"Master P, Anthony Johnson, Gretchen Palmer, Frantz Turner, Richard Keats, Joe Estevez, William Knight, Anthony Boswell, Tommy 'Tiny' Lister, Helen Martin, John Witherspoon, Mia X",United States,09-01-2021,1998,R,93 min,"Action & Adventure, Comedies"
s151,Movie,In Too Deep,Michael Rymer,"Omar Epps, LL Cool J, Nia Long, Stanley Tucci, Pam Grier, Hill Harper, Jake Weber, David Patrick Kelly, Veronica Webb, Ron Canada, Robert LaSardo, Gano Grills, Ivonne Coll, Don Harvey, Mya, Nasir 'Nas' Jones, Jermaine Dupri",United States,09-01-2021,1999,R,97 min,Thrillers
s152,Movie,Initial D,"Andrew Lau Wai-keung, Alan Mak","Jay Chou, Anne Suzuki, Edison Chen, Anthony Wong Chau-sang, Shawn Yue, Chapman To, Jordan Chan, Kenny Bee","China, Hong Kong",09-01-2021,2005,TV-14,109 min,"Action & Adventure, International Movies"
s153,Movie,Janoskians: Untold and Untrue,Brett Weiner,"Jai Brooks, Luke Brooks, James Yammouni, Daniel Sahyounie, Beau Brooks",United States,09-01-2021,2016,TV-MA,88 min,Comedies
s154,TV Show,Kid-E-Cats,,"Lori Gardner, Kate Bristol, Billy Bob Thompson, Marc Thompson, Erica Schroeder",Russia,09-01-2021,2016,TV-Y,2 Seasons,Kids' TV
s155,TV Show,Kuroko's Basketball,,"Kensho Ono, Yuki Ono, Chiwa Saito, Yoshimasa Hosoya, Hirofumi Nojima, Kenji Hamada, Takuya Eguchi, Soichiro Hoshi, Tatsuhisa Suzuki, Go Inoue, Daisuke Ono, Ryohei Kimura, Junichi Suwabe, Kazuya Nakai, Fumiko Orikasa, Kenichi Suzumura, Kisho Taniyama, Hiroshi Kamiya",Japan,09-01-2021,2015,TV-MA,3 Seasons,"Anime Series, International TV Shows, Teen TV Shows"
s156,Movie,Labyrinth,Jim Henson,"David Bowie, Jennifer Connelly, Frank Oz, Kevin Clash, Anthony Asbury, Dave Goelz, Brian Henson, Ron Mueck, Karen Prell, Shari Weiser","United Kingdom, United States",09-01-2021,1986,PG,101 min,"Action & Adventure, Children & Family Movies, Cult Movies"
s157,Movie,Letters to Juliet,Gary Winick,"Amanda Seyfried, Christopher Egan, Gael García Bernal, Vanessa Redgrave, Franco Nero, Luisa Ranieri, Marina Massironi, Milena Vukotic, Marcia DeBonis, Luisa De Santis, Lidia Biondi, Giordano Formenti, Chris Egan",United States,09-01-2021,2010,PG,105 min,"Comedies, Dramas, Romantic Movies"
s158,Movie,Level 16,Danishka Esterhazy,"Katie Douglas, Celina Martin, Peter Outerbridge, Sara Canning, Alexis Whelan, Amalia Williamson, Josette Halpert, Kiana Madeira",Canada,09-01-2021,2018,TV-14,102 min,"Sci-Fi & Fantasy, Thrillers"
s159,Movie,Love Don't Cost a Thing,Troy Byer,"Nick Cannon, Christina Milian, Kenan Thompson, Kal Penn, Steve Harvey, Al Thompson, Ashley Monique Clark, Elimu Nelson, Nichole Robinson, Melissa Schuman",United States,09-01-2021,2003,PG-13,101 min,"Comedies, Romantic Movies"
s160,Movie,Love in a Puff,Pang Ho-cheung,"Miriam Chin Wah Yeung, Shawn Yue, Singh Hartihan Bitto, Isabel Chan, Cheung Tat-ming, Matt Chow, Chui Tien-you, Queenie Chu, Charmaine Fong, Vincent Kok",Hong Kong,09-01-2021,2010,TV-MA,103 min,"Comedies, Dramas, International Movies"
s161,TV Show,Major Dad,,"Gerald McRaney, Shanna Reed, Nicole Dubuc, Chelsea Hertford, Marisa Ryan, Matt Mulhern, Beverly Archer, Jon Cypher",United States,09-01-2021,1992,TV-PG,4 Seasons,TV Comedies
s162,Movie,Mars Attacks!,Tim Burton,"Jack Nicholson, Glenn Close, Annette Bening, Pierce Brosnan, Danny DeVito, Martin Short, Sarah Jessica Parker, Michael J. Fox, Rod Steiger, Tom Jones, Lukas Haas, Natalie Portman",United States,09-01-2021,1996,PG-13,106 min,"Comedies, Cult Movies, Sci-Fi & Fantasy"
s163,Movie,Marshall,Reginald Hudlin,"Chadwick Boseman, Josh Gad, Kate Hudson, Sterling K. Brown, Dan Stevens, James Cromwell, Keesha Sharp, Roger Guenveur Smith, Derrick Baskin, Barrett Doss","United States, China, Hong Kong",09-01-2021,2017,PG-13,118 min,Dramas
s164,Movie,My Boss's Daughter,David Zucker,"Ashton Kutcher, Tara Reid, Jeffrey Tambor, Andy Richter, Michael Madsen, Jon Abrahams, David Koechner, Carmen Electra, Kenan Thompson, Terence Stamp, Molly Shannon",United States,09-01-2021,2003,R,86 min,"Comedies, Romantic Movies"
s165,Movie,Mystery Men,Kinka Usher,"Ben Stiller, Hank Azaria, William H. Macy, Janeane Garofalo, Kel Mitchell, Paul Reubens, Wes Studi, Greg Kinnear, Geoffrey Rush, Lena Olin, Eddie Izzard, Artie Lange, Pras, Claire Forlani, Tom Waits",United States,09-01-2021,1999,PG-13,121 min,"Action & Adventure, Comedies"
s166,TV Show,Oldsters,,"Patricio Contreras, Alejandro Goic, Sergio Hernández, Mariana Loyola Ruz, Alejandro Trejo, Daniel Alcaíno Cuevas, Nicolás Poblete, Susana Hidalgo, Gloria Münchmeyer",,09-01-2021,2019,TV-MA,1 Season,"Crime TV Shows, International TV Shows, Spanish-Language TV Shows"
s167,Movie,Once Upon a Time in America,Sergio Leone,"Robert De Niro, James Woods, Elizabeth McGovern, Treat Williams, Tuesday Weld, Burt Young, Joe Pesci, Danny Aiello, William Forsythe, James Hayden","Italy, United States",09-01-2021,1984,R,229 min,"Classic Movies, Dramas"
s168,Movie,Open Season 2,"Matthew O'Callaghan, Todd Wilderman","Joel McHale, Mike Epps, Jane Krakowski, Billy Connolly, Crispin Glover, Steve Schirripa, Georgia Engel, Diedrich Bader, Cody Cameron, Fred Stoller, Olivia Hack","United States, Canada",09-01-2021,2008,PG,76 min,"Children & Family Movies, Comedies"
s169,Movie,Osmosis Jones,"Bobby Farrelly, Peter Farrelly","Chris Rock, Laurence Fishburne, David Hyde Pierce, Brandy Norwood, William Shatner, Ron Howard, Kid Rock, Ben Stein",United States,09-01-2021,2001,PG,95 min,"Action & Adventure, Children & Family Movies, Comedies"
s170,Movie,Poseidon,Wolfgang Petersen,"Josh Lucas, Kurt Russell, Jacinda Barrett, Richard Dreyfuss, Emmy Rossum, Mía Maestro, Mike Vogel, Kevin Dillon, Freddy Rodríguez",United States,09-01-2021,2006,PG-13,98 min,"Action & Adventure, Dramas"
s171,Movie,Rhyme & Reason,Peter Spirer,"Too $hort, B-Real, Kurtis Blow, Da Brat, Grandmaster Caz, Sean ""P. Diddy"" Combs, Chuck D., Desiree Densiti, Dr. Dre, E-40, MC Eiht, Heavy D, Lauryn Hill, Ice-T, Wyclef Jean, Ras Kass, KRS-One, L.V., Mack 10, Craig Mack, Method Man, Keith Murray, Nasir 'Nas' Jones, The Notorious B.I.G., Master P, Q-Tip, Raekwon, Redman, Senen Reyes, Busta Rhymes, RZA, DJ Scratch, Erick Sermon, Tupac Shakur, Adario Strange, Suave",United States,09-01-2021,1997,R,89 min,"Documentaries, Music & Musicals"
s172,Movie,Same Kind of Different as Me,Michael Carney,"Greg Kinnear, Renée Zellweger, Djimon Hounsou, Jon Voight, Olivia Holt",United States,09-01-2021,2017,PG-13,120 min,"Dramas, Faith & Spirituality"
s173,Movie,School of Rock,Richard Linklater,"Jack Black, Joan Cusack, Mike White, Sarah Silverman, Lee Wilkof, Kate McGregor-Stewart, Adam Pascal, Suzzanne Douglas, Miranda Cosgrove, Kevin Alexander Clark, Joey Gaydos Jr., Robert Tsai, Veronica Afflerbach, Jordan-Claire Green","United States, Germany",09-01-2021,2003,PG-13,110 min,"Comedies, Music & Musicals"
s174,Movie,Snervous Tyler Oakley,Amy Rice,Tyler Oakley,United States,09-01-2021,2015,PG-13,83 min,"Documentaries, LGBTQ Movies"
s175,Movie,Tears of the Sun,Antoine Fuqua,"Bruce Willis, Monica Bellucci, Cole Hauser, Eamonn Walker, Johnny Messner, Nick Chinlund, Charles Ingram, Paul Francis, Chad Smith, Tom Skerritt, Malick Bowens, Awaovieyi Agie",United States,09-01-2021,2003,R,121 min,"Action & Adventure, Dramas"
s176,Movie,The Blue Lagoon,Randal Kleiser,"Brooke Shields, Christopher Atkins, Leo McKern, William Daniels, Elva Josephson, Glenn Kohan, Alan Hopgood, Gus Mercurio",United States,09-01-2021,1980,R,105 min,"Dramas, Romantic Movies"
s177,Movie,The Golden Child,Michael Ritchie,"Eddie Murphy, J.L. Reate, Charles Dance, Charlotte Lewis, Victor Wong, Randall Tex Cobb, James Hong, Shakti Chen, Tau Logo, Tiger Chung Lee",United States,09-01-2021,1986,PG-13,94 min,"Action & Adventure, Comedies"
s178,Movie,The Guns of Navarone,J. Lee Thompson,"Gregory Peck, David Niven, Anthony Quinn, Stanley Baker, Anthony Quayle, James Darren, Irene Papas, Gia Scala, James Robertson Justice, Richard Harris","United Kingdom, United States",09-01-2021,1961,TV-14,156 min,"Action & Adventure, Classic Movies"
s179,Movie,The Interview,"Evan Goldberg, Seth Rogen","James Franco, Seth Rogen, Lizzy Caplan, Randall Park, Diana Bang, Timothy Simons, Reese Alexander, James Yi",United States,09-01-2021,2014,R,112 min,"Action & Adventure, Comedies"
s180,Movie,The Nutty Professor,Tom Shadyac,"Eddie Murphy, Jada Pinkett Smith, James Coburn, Larry Miller, Dave Chappelle, John Ales, Patricia Wilson, Jamal Mixon",United States,09-01-2021,1996,PG-13,95 min,"Comedies, Romantic Movies"
s181,Movie,The Nutty Professor II: The Klumps,Peter Segal,"Eddie Murphy, Janet Jackson, Larry Miller, John Ales, Richard Gant, Anna Maria Horsford, Melinda McGraw, Jamal Mixon, Gabriel Williams, Chris Elliott",,09-01-2021,2000,PG-13,107 min,"Comedies, Romantic Movies"
s182,TV Show,Turning Point: 9/11 and the War on Terror,,,,09-01-2021,2021,TV-14,1 Season,Docuseries
s183,Movie,Welcome Home Roscoe Jenkins,Malcolm D. Lee,"Martin Lawrence, James Earl Jones, Joy Bryant, Margaret Avery, Mike Epps, Mo'Nique, Cedric the Entertainer, Nicole Ari Parker, Michael Clarke Duncan, Louis C.K.",United States,09-01-2021,2008,PG-13,114 min,Comedies
s184,Movie,In the Line of Fire,Wolfgang Petersen,"Clint Eastwood, John Malkovich, Rene Russo, Dylan McDermott, Gary Cole, Fred Thompson, John Mahoney, Gregory Alan Williams, Jim Curley, Sally Hughes",United States,8-31-2021,1993,R,129 min,"Action & Adventure, Classic Movies"
s185,TV Show,Sparking Joy,,Marie Kondo,United States,8-31-2021,2021,TV-PG,1 Season,Reality TV
s186,Movie,Untold: Crime & Penalties,"Chapman Way, Maclain Way",,,8-31-2021,2021,TV-MA,86 min,"Documentaries, Sports Movies"
s187,TV Show,Hometown Cha-Cha-Cha,,"Shin Min-a, Kim Seon-ho, Lee Sang-yi, Gong Min-jeung, Kim Young-ok, Cho Han-cheul, In Gyo-jin, Lee Bong-ryeon, Cha Cheong-hwa, Kang Hyung-suk",,8-29-2021,2021,TV-14,1 Season,"International TV Shows, Romantic TV Shows, TV Comedies"
s188,TV Show,The Ingenuity of the Househusband,,Kenjiro Tsuda,,8-29-2021,2021,TV-G,1 Season,"International TV Shows, TV Comedies"
s189,Movie,2 Alone in Paris,"Ramzy Bedia, Éric Judor","Ramzy Bedia, Éric Judor, Benoît Magimel, Kristin Scott Thomas, Élodie Bouchez, Édouard Baer, Fred Testot, Omar Sy",France,8-28-2021,2008,TV-MA,97 min,"Comedies, International Movies"
s190,TV Show,Bread Barbershop,,"Um Sang-hyun, Park Yoon-hee, Kang Shi-hyun, Hong Bum-ki, Kim Hyun-wook, Lee In-suk, Song Ha-rim",,8-28-2021,2020,TV-Y,2 Seasons,"Kids' TV, TV Comedies"
s191,Movie,Thimmarusu,Sharan Koppisetty,"Satya Dev, Priyanka Jawalkar, Brahmaji",India,8-28-2021,2021,TV-14,125 min,"Dramas, International Movies"
s192,Movie,Wind River,Taylor Sheridan,"Jeremy Renner, Elizabeth Olsen, Jon Bernthal, Gil Birmingham, Kelsey Asbille, Tantoo Cardinal, Teo Briones, Matthew Del Negro, Hugh Dillon, Julia Jones, James Jordan, Eric Lange, Martin Sensmeier, Mason Davis, Graham Greene","United Kingdom, Canada, United States",8-28-2021,2017,R,107 min,"Dramas, Independent Movies"
s193,Movie,C Kkompany,Sachin Yardi,"Mithun Chakraborty, Tusshar Kapoor, Anupam Kher, Rajpal Yadav, Raima Sen, Dilip Prabhavalkar, Sanjay Mishra",India,8-27-2021,2008,TV-14,127 min,"Action & Adventure, Comedies, International Movies"
s194,TV Show,D.P.,,"Jung Hae-in, Koo Kyo-hwan, Kim Sung-kyun, Son Suk-ku",", South Korea",8-27-2021,2021,TV-MA,1 Season,"International TV Shows, TV Dramas"
s195,TV Show,Deadly Sins,,"Frank Ramirez, Patricia Castañeda, Chela del Río, Patrick Delmas, María José Martínez, Robinson Díaz, Juan Ángel, Guillermo Olarte, Constanza Duque, Marcela Carvajal",,8-27-2021,2002,TV-MA,1 Season,"International TV Shows, Spanish-Language TV Shows, TV Dramas"
s196,Movie,EMI: Liya Hai To Chukana Padega,Saurabh Kabra,"Sanjay Dutt, Arjun Rampal, Malaika Arora, Aashish Chaudhary, Neha Uberoi, Urmila Matondkar, Manoj Joshi, Daya Shankar Pandey, Pushkar Jog, Kulbhushan Kharbanda",India,8-27-2021,2008,TV-14,128 min,"Comedies, Dramas, International Movies"
s197,Movie,He's All That,Mark Waters,"Addison Rae, Tanner Buchanan, Rachael Leigh Cook, Madison Pettis, Isabella Crovetti, Matthew Lillard, Peyton Meyer, Annie Jacob, Myra Molloy, Kourtney Kardashian",,8-27-2021,2021,TV-14,92 min,"Comedies, Romantic Movies"
s198,TV Show,I Heart Arlo,,"Michael J. Woodard, Mary Lambert, Jonathan Van Ness, Haley Tju, Brett Gelman, Tony Hale, Vincent Rodriguez III, Annie Potts, Jessica Williams, Melissa Villaseñor, Cathy Vu, Jennifer Coolidge, Flea",,8-27-2021,2021,TV-Y7,1 Season,"Kids' TV, TV Comedies"
s199,TV Show,King of Boys: The Return of the King,Kemi Adetiba,"Sola Sobowale, Toni Tones, Richard Mofe-Damijo, Efa Iwara, Titi Kuti, Tobechukwu ""iLLbliss"" Ejiofor, Remilekun ""Reminisce"" Safaru, Charles  ""Charly Boy"" Oputa, Nse Ikpe-Etim, Keppy Ekpenyong Bassey, Bimbo Manuel, Akin Lewis, Lord Frank, Osas Ighodaro, Taiwo Ajai-Lycett, Paul Sambo",Nigeria,8-27-2021,2021,TV-MA,1 Season,"Crime TV Shows, International TV Shows, TV Dramas"
s200,Movie,Koi Aap Sa,Partho Mitra,"Aftab Shivdasani, Natassha, Dipannita Sharma, Himanshu Mallik, Vaidya Advai, Pushy Anand, Shama Deshpande, Rajendra Gupta",India,8-27-2021,2006,TV-14,135 min,"Comedies, Dramas, International Movies"
s201,Movie,Krishna Cottage,Santram Varma,"Sohail Khan, Isha Koppikar, Natassha, Rati Agnihotri, Vrajesh Hirjee, Divya Palat, Hiten Tejwani, Rajendranath Zutshi",India,8-27-2021,2004,TV-14,124 min,"Action & Adventure, Horror Movies, International Movies"
